date,category,perc,count,baseline
2020-11-16,CCDD CDC Pneumonia CCDD v1,5.072522,633,12479
2020-11-16,CCDD CLI CC with CLI DD and Coronavirus DD v1,11.77979,1470,12479
2020-11-16,SUBSYNDROME ShortnessOfBreath,9.431846,1177,12479
2020-11-15,CCDD CDC Pneumonia CCDD v1,5.027879,523,10402
2020-11-15,CCDD CLI CC with CLI DD and Coronavirus DD v1,11.565084,1203,10402
2020-11-15,SUBSYNDROME ShortnessOfBreath,8.652182,900,10402
2020-11-14,CCDD CDC Pneumonia CCDD v1,4.794456,512,10679
2020-11-14,CCDD CLI CC with CLI DD and Coronavirus DD v1,11.480476,1226,10679
2020-11-14,SUBSYNDROME ShortnessOfBreath,8.090645,864,10679
2020-11-13,CCDD CDC Pneumonia CCDD v1,5.3208,617,11596
2020-11-13,CCDD CLI CC with CLI DD and Coronavirus DD v1,11.400483,1322,11596
2020-11-13,SUBSYNDROME ShortnessOfBreath,8.977234,1041,11596
2020-11-12,CCDD CDC Pneumonia CCDD v1,5.162659,657,12726
2020-11-12,CCDD CLI CC with CLI DD and Coronavirus DD v1,11.213264,1427,12726
2020-11-12,SUBSYNDROME ShortnessOfBreath,9.374509,1193,12726
2020-11-11,CCDD CDC Pneumonia CCDD v1,4.576898,569,12432
2020-11-11,CCDD CLI CC with CLI DD and Coronavirus DD v1,10.609717,1319,12432
2020-11-11,SUBSYNDROME ShortnessOfBreath,8.534427,1061,12432
2020-11-10,CCDD CDC Pneumonia CCDD v1,5.058308,681,13463
2020-11-10,CCDD CLI CC with CLI DD and Coronavirus DD v1,11.111936,1496,13463
2020-11-10,SUBSYNDROME ShortnessOfBreath,8.660774,1166,13463
2020-11-09,CCDD CDC Pneumonia CCDD v1,5.014883,775,15454
2020-11-09,CCDD CLI CC with CLI DD and Coronavirus DD v1,10.599198,1638,15454
2020-11-09,SUBSYNDROME ShortnessOfBreath,9.065614,1401,15454
2020-11-08,CCDD CDC Pneumonia CCDD v1,4.604168,581,12619
2020-11-08,CCDD CLI CC with CLI DD and Coronavirus DD v1,10.214756,1289,12619
2020-11-08,SUBSYNDROME ShortnessOfBreath,7.964181,1005,12619
2020-11-07,CCDD CDC Pneumonia CCDD v1,4.360136,539,12362
2020-11-07,CCDD CLI CC with CLI DD and Coronavirus DD v1,10.168258,1257,12362
2020-11-07,SUBSYNDROME ShortnessOfBreath,7.749555,958,12362
2020-11-06,CCDD CDC Pneumonia CCDD v1,4.416029,594,13451
2020-11-06,CCDD CLI CC with CLI DD and Coronavirus DD v1,9.753922,1312,13451
2020-11-06,SUBSYNDROME ShortnessOfBreath,8.6685,1166,13451
2020-11-05,CCDD CDC Pneumonia CCDD v1,4.631047,605,13064
2020-11-05,CCDD CLI CC with CLI DD and Coronavirus DD v1,9.774954,1277,13064
2020-11-05,SUBSYNDROME ShortnessOfBreath,8.481323,1108,13064
2020-11-04,CCDD CDC Pneumonia CCDD v1,4.143285,539,13009
2020-11-04,CCDD CLI CC with CLI DD and Coronavirus DD v1,8.847721,1151,13009
2020-11-04,SUBSYNDROME ShortnessOfBreath,8.063648,1049,13009
2020-11-03,CCDD CDC Pneumonia CCDD v1,4.178476,516,12349
2020-11-03,CCDD CLI CC with CLI DD and Coronavirus DD v1,8.907604,1100,12349
2020-11-03,SUBSYNDROME ShortnessOfBreath,7.611952,940,12349
2020-11-02,CCDD CDC Pneumonia CCDD v1,4.382948,548,12503
2020-11-02,CCDD CLI CC with CLI DD and Coronavirus DD v1,8.973846,1122,12503
2020-11-02,SUBSYNDROME ShortnessOfBreath,7.974086,997,12503
2020-11-01,CCDD CDC Pneumonia CCDD v1,4.2588800000000004,458,10754
2020-11-01,CCDD CLI CC with CLI DD and Coronavirus DD v1,8.080714,869,10754
2020-11-01,SUBSYNDROME ShortnessOfBreath,7.21592,776,10754
2020-10-31,CCDD CDC Pneumonia CCDD v1,4.260604,446,10468
2020-10-31,CCDD CLI CC with CLI DD and Coronavirus DD v1,8.110432,849,10468
2020-10-31,SUBSYNDROME ShortnessOfBreath,6.782575,710,10468
2020-10-30,CCDD CDC Pneumonia CCDD v1,4.289448,476,11097
2020-10-30,CCDD CLI CC with CLI DD and Coronavirus DD v1,7.416419,823,11097
2020-10-30,SUBSYNDROME ShortnessOfBreath,7.380373,819,11097
2020-10-29,CCDD CDC Pneumonia CCDD v1,4.114032,482,11716
2020-10-29,CCDD CLI CC with CLI DD and Coronavirus DD v1,7.963469,933,11716
2020-10-29,SUBSYNDROME ShortnessOfBreath,7.801297,914,11716
2020-10-28,CCDD CDC Pneumonia CCDD v1,3.809924,453,11890
2020-10-28,CCDD CLI CC with CLI DD and Coronavirus DD v1,7.073171,841,11890
2020-10-28,SUBSYNDROME ShortnessOfBreath,7.308663,869,11890
2020-10-27,CCDD CDC Pneumonia CCDD v1,3.662394,440,12014
2020-10-27,CCDD CLI CC with CLI DD and Coronavirus DD v1,6.667222,801,12014
2020-10-27,SUBSYNDROME ShortnessOfBreath,7.199933,865,12014
2020-10-26,CCDD CDC Pneumonia CCDD v1,3.530926,439,12433
2020-10-26,CCDD CLI CC with CLI DD and Coronavirus DD v1,6.370144,792,12433
2020-10-26,SUBSYNDROME ShortnessOfBreath,6.965334,866,12433
2020-10-25,CCDD CDC Pneumonia CCDD v1,3.547234,377,10628
2020-10-25,CCDD CLI CC with CLI DD and Coronavirus DD v1,6.341739,674,10628
2020-10-25,SUBSYNDROME ShortnessOfBreath,6.595785,701,10628
2020-10-24,CCDD CDC Pneumonia CCDD v1,3.385834,359,10603
2020-10-24,CCDD CLI CC with CLI DD and Coronavirus DD v1,5.68707,603,10603
2020-10-24,SUBSYNDROME ShortnessOfBreath,6.158634,653,10603
2020-10-23,CCDD CDC Pneumonia CCDD v1,3.534699,409,11571
2020-10-23,CCDD CLI CC with CLI DD and Coronavirus DD v1,6.282949,727,11571
2020-10-23,SUBSYNDROME ShortnessOfBreath,7.008902,811,11571
2020-10-22,CCDD CDC Pneumonia CCDD v1,3.410585,415,12168
2020-10-22,CCDD CLI CC with CLI DD and Coronavirus DD v1,5.752794,700,12168
2020-10-22,SUBSYNDROME ShortnessOfBreath,6.804734,828,12168
2020-10-21,CCDD CDC Pneumonia CCDD v1,3.359323,405,12056
2020-10-21,CCDD CLI CC with CLI DD and Coronavirus DD v1,5.656934,682,12056
2020-10-21,SUBSYNDROME ShortnessOfBreath,7.017253,846,12056
2020-10-20,CCDD CDC Pneumonia CCDD v1,3.59545,433,12043
2020-10-20,CCDD CLI CC with CLI DD and Coronavirus DD v1,5.28938,637,12043
2020-10-20,SUBSYNDROME ShortnessOfBreath,7.033131,847,12043
2020-10-19,CCDD CDC Pneumonia CCDD v1,3.418392,426,12462
2020-10-19,CCDD CLI CC with CLI DD and Coronavirus DD v1,4.999198,623,12462
2020-10-19,SUBSYNDROME ShortnessOfBreath,7.382443,920,12462
2020-10-18,CCDD CDC Pneumonia CCDD v1,3.469178,372,10723
2020-10-18,CCDD CLI CC with CLI DD and Coronavirus DD v1,4.905344,526,10723
2020-10-18,SUBSYNDROME ShortnessOfBreath,6.742516,723,10723
2020-10-17,CCDD CDC Pneumonia CCDD v1,3.129314,340,10865
2020-10-17,CCDD CLI CC with CLI DD and Coronavirus DD v1,4.482283,487,10865
2020-10-17,SUBSYNDROME ShortnessOfBreath,6.148182,668,10865
2020-10-16,CCDD CDC Pneumonia CCDD v1,3.302338,380,11507
2020-10-16,CCDD CLI CC with CLI DD and Coronavirus DD v1,4.814461,554,11507
2020-10-16,SUBSYNDROME ShortnessOfBreath,6.908838,795,11507
2020-10-15,CCDD CDC Pneumonia CCDD v1,2.898185,345,11904
2020-10-15,CCDD CLI CC with CLI DD and Coronavirus DD v1,4.259073,507,11904
2020-10-15,SUBSYNDROME ShortnessOfBreath,7.568884,901,11904
2020-10-14,CCDD CDC Pneumonia CCDD v1,2.703562,340,12576
2020-10-14,CCDD CLI CC with CLI DD and Coronavirus DD v1,4.381361,551,12576
2020-10-14,SUBSYNDROME ShortnessOfBreath,6.544211,823,12576
2020-10-13,CCDD CDC Pneumonia CCDD v1,2.73246,340,12443
2020-10-13,CCDD CLI CC with CLI DD and Coronavirus DD v1,3.817407,475,12443
2020-10-13,SUBSYNDROME ShortnessOfBreath,6.766857,842,12443
2020-10-12,CCDD CDC Pneumonia CCDD v1,2.78706,367,13168
2020-10-12,CCDD CLI CC with CLI DD and Coronavirus DD v1,4.032503,531,13168
2020-10-12,SUBSYNDROME ShortnessOfBreath,7.191677,947,13168
2020-10-11,CCDD CDC Pneumonia CCDD v1,2.580816,293,11353
2020-10-11,CCDD CLI CC with CLI DD and Coronavirus DD v1,3.998943,454,11353
2020-10-11,SUBSYNDROME ShortnessOfBreath,5.927949,673,11353
2020-10-10,CCDD CDC Pneumonia CCDD v1,2.701321,317,11735
2020-10-10,CCDD CLI CC with CLI DD and Coronavirus DD v1,3.587559,421,11735
2020-10-10,SUBSYNDROME ShortnessOfBreath,6.169578,724,11735
2020-10-09,CCDD CDC Pneumonia CCDD v1,2.575073,319,12388
2020-10-09,CCDD CLI CC with CLI DD and Coronavirus DD v1,3.479173,431,12388
2020-10-09,SUBSYNDROME ShortnessOfBreath,6.877624,852,12388
2020-10-08,CCDD CDC Pneumonia CCDD v1,2.6065,320,12277
2020-10-08,CCDD CLI CC with CLI DD and Coronavirus DD v1,3.820152,469,12277
2020-10-08,SUBSYNDROME ShortnessOfBreath,6.956097,854,12277
2020-10-07,CCDD CDC Pneumonia CCDD v1,2.851469,359,12590
2020-10-07,CCDD CLI CC with CLI DD and Coronavirus DD v1,3.661636,461,12590
2020-10-07,SUBSYNDROME ShortnessOfBreath,6.973789,878,12590
2020-10-06,CCDD CDC Pneumonia CCDD v1,2.905997,362,12457
2020-10-06,CCDD CLI CC with CLI DD and Coronavirus DD v1,3.829172,477,12457
2020-10-06,SUBSYNDROME ShortnessOfBreath,7.489765,933,12457
2020-10-05,CCDD CDC Pneumonia CCDD v1,3.003492,387,12885
2020-10-05,CCDD CLI CC with CLI DD and Coronavirus DD v1,3.896003,502,12885
2020-10-05,SUBSYNDROME ShortnessOfBreath,7.34187,946,12885
2020-10-04,CCDD CDC Pneumonia CCDD v1,2.636802,279,10581
2020-10-04,CCDD CLI CC with CLI DD and Coronavirus DD v1,3.411776,361,10581
2020-10-04,SUBSYNDROME ShortnessOfBreath,6.209243,657,10581
2020-10-03,CCDD CDC Pneumonia CCDD v1,2.977266,313,10513
2020-10-03,CCDD CLI CC with CLI DD and Coronavirus DD v1,3.842861,404,10513
2020-10-03,SUBSYNDROME ShortnessOfBreath,5.821364,612,10513
2020-10-02,CCDD CDC Pneumonia CCDD v1,2.551156,288,11289
2020-10-02,CCDD CLI CC with CLI DD and Coronavirus DD v1,3.64957,412,11289
2020-10-02,SUBSYNDROME ShortnessOfBreath,6.129861,692,11289
2020-10-01,CCDD CDC Pneumonia CCDD v1,2.530426,289,11421
2020-10-01,CCDD CLI CC with CLI DD and Coronavirus DD v1,3.187111,364,11421
2020-10-01,SUBSYNDROME ShortnessOfBreath,6.356711,726,11421
2020-09-30,CCDD CDC Pneumonia CCDD v1,2.567154,302,11764
2020-09-30,CCDD CLI CC with CLI DD and Coronavirus DD v1,2.805168,330,11764
2020-09-30,SUBSYNDROME ShortnessOfBreath,6.417885,755,11764
2020-09-29,CCDD CDC Pneumonia CCDD v1,2.180111,260,11926
2020-09-29,CCDD CLI CC with CLI DD and Coronavirus DD v1,3.186316,380,11926
2020-09-29,SUBSYNDROME ShortnessOfBreath,6.515177,777,11926
2020-09-28,CCDD CDC Pneumonia CCDD v1,2.478886,317,12788
2020-09-28,CCDD CLI CC with CLI DD and Coronavirus DD v1,2.987175,382,12788
2020-09-28,SUBSYNDROME ShortnessOfBreath,6.96747,891,12788
2020-09-27,CCDD CDC Pneumonia CCDD v1,2.180713,244,11189
2020-09-27,CCDD CLI CC with CLI DD and Coronavirus DD v1,2.627581,294,11189
2020-09-27,SUBSYNDROME ShortnessOfBreath,5.737778,642,11189
2020-09-26,CCDD CDC Pneumonia CCDD v1,2.137133,240,11230
2020-09-26,CCDD CLI CC with CLI DD and Coronavirus DD v1,2.804987,315,11230
2020-09-26,SUBSYNDROME ShortnessOfBreath,5.24488,589,11230
2020-09-25,CCDD CDC Pneumonia CCDD v1,2.485885,295,11867
2020-09-25,CCDD CLI CC with CLI DD and Coronavirus DD v1,3.109463,369,11867
2020-09-25,SUBSYNDROME ShortnessOfBreath,6.008258,713,11867
2020-09-24,CCDD CDC Pneumonia CCDD v1,2.51495,307,12207
2020-09-24,CCDD CLI CC with CLI DD and Coronavirus DD v1,2.695175,329,12207
2020-09-24,SUBSYNDROME ShortnessOfBreath,6.217744,759,12207
2020-09-23,CCDD CDC Pneumonia CCDD v1,2.395954,289,12062
2020-09-23,CCDD CLI CC with CLI DD and Coronavirus DD v1,3.125518,377,12062
2020-09-23,SUBSYNDROME ShortnessOfBreath,6.010612,725,12062
2020-09-22,CCDD CDC Pneumonia CCDD v1,2.727571,332,12172
2020-09-22,CCDD CLI CC with CLI DD and Coronavirus DD v1,2.867236,349,12172
2020-09-22,SUBSYNDROME ShortnessOfBreath,6.432797,783,12172
2020-09-21,CCDD CDC Pneumonia CCDD v1,2.653707,344,12963
2020-09-21,CCDD CLI CC with CLI DD and Coronavirus DD v1,2.98542,387,12963
2020-09-21,SUBSYNDROME ShortnessOfBreath,6.109697,792,12963
2020-09-20,CCDD CDC Pneumonia CCDD v1,2.21827,237,10684
2020-09-20,CCDD CLI CC with CLI DD and Coronavirus DD v1,2.470985,264,10684
2020-09-20,SUBSYNDROME ShortnessOfBreath,4.970049,531,10684
2020-09-19,CCDD CDC Pneumonia CCDD v1,2.33737,249,10653
2020-09-19,CCDD CLI CC with CLI DD and Coronavirus DD v1,2.487562,265,10653
2020-09-19,SUBSYNDROME ShortnessOfBreath,5.378767,573,10653
2020-09-18,CCDD CDC Pneumonia CCDD v1,2.235522,254,11362
2020-09-18,CCDD CLI CC with CLI DD and Coronavirus DD v1,2.816406,320,11362
2020-09-18,SUBSYNDROME ShortnessOfBreath,5.976061,679,11362
2020-09-17,CCDD CDC Pneumonia CCDD v1,2.26679,269,11867
2020-09-17,CCDD CLI CC with CLI DD and Coronavirus DD v1,2.469032,293,11867
2020-09-17,SUBSYNDROME ShortnessOfBreath,5.755456,683,11867
2020-09-16,CCDD CDC Pneumonia CCDD v1,2.125407,261,12280
2020-09-16,CCDD CLI CC with CLI DD and Coronavirus DD v1,2.71987,334,12280
2020-09-16,SUBSYNDROME ShortnessOfBreath,5.903909,725,12280
2020-09-15,CCDD CDC Pneumonia CCDD v1,2.288565,289,12628
2020-09-15,CCDD CLI CC with CLI DD and Coronavirus DD v1,2.494457,315,12628
2020-09-15,SUBSYNDROME ShortnessOfBreath,5.970858,754,12628
2020-09-14,CCDD CDC Pneumonia CCDD v1,2.25335,296,13136
2020-09-14,CCDD CLI CC with CLI DD and Coronavirus DD v1,2.390378,314,13136
2020-09-14,SUBSYNDROME ShortnessOfBreath,5.648599,742,13136
2020-09-13,CCDD CDC Pneumonia CCDD v1,2.087775,235,11256
2020-09-13,CCDD CLI CC with CLI DD and Coronavirus DD v1,2.238806,252,11256
2020-09-13,SUBSYNDROME ShortnessOfBreath,5.268301,593,11256
2020-09-12,CCDD CDC Pneumonia CCDD v1,2.102182,237,11274
2020-09-12,CCDD CLI CC with CLI DD and Coronavirus DD v1,2.62551,296,11274
2020-09-12,SUBSYNDROME ShortnessOfBreath,5.925137,668,11274
2020-09-11,CCDD CDC Pneumonia CCDD v1,2.50215,291,11630
2020-09-11,CCDD CLI CC with CLI DD and Coronavirus DD v1,2.588134,301,11630
2020-09-11,SUBSYNDROME ShortnessOfBreath,5.700774,663,11630
2020-09-10,CCDD CDC Pneumonia CCDD v1,2.052112,241,11744
2020-09-10,CCDD CLI CC with CLI DD and Coronavirus DD v1,2.571526,302,11744
2020-09-10,SUBSYNDROME ShortnessOfBreath,5.773161,678,11744
2020-09-09,CCDD CDC Pneumonia CCDD v1,2.211363,267,12074
2020-09-09,CCDD CLI CC with CLI DD and Coronavirus DD v1,2.617194,316,12074
2020-09-09,SUBSYNDROME ShortnessOfBreath,6.153719,743,12074
2020-09-08,CCDD CDC Pneumonia CCDD v1,2.358155,298,12637
2020-09-08,CCDD CLI CC with CLI DD and Coronavirus DD v1,2.5639,324,12637
2020-09-08,SUBSYNDROME ShortnessOfBreath,6.417662,811,12637
2020-09-07,CCDD CDC Pneumonia CCDD v1,2.291138,280,12221
2020-09-07,CCDD CLI CC with CLI DD and Coronavirus DD v1,2.364782,289,12221
2020-09-07,SUBSYNDROME ShortnessOfBreath,5.449636,666,12221
2020-09-06,CCDD CDC Pneumonia CCDD v1,2.309596,252,10911
2020-09-06,CCDD CLI CC with CLI DD and Coronavirus DD v1,2.410412,263,10911
2020-09-06,SUBSYNDROME ShortnessOfBreath,5.132435,560,10911
2020-09-05,CCDD CDC Pneumonia CCDD v1,2.108837,236,11191
2020-09-05,CCDD CLI CC with CLI DD and Coronavirus DD v1,2.466268,276,11191
2020-09-05,SUBSYNDROME ShortnessOfBreath,4.977214,557,11191
2020-09-04,CCDD CDC Pneumonia CCDD v1,2.373962,283,11921
2020-09-04,CCDD CLI CC with CLI DD and Coronavirus DD v1,2.583676,308,11921
2020-09-04,SUBSYNDROME ShortnessOfBreath,5.930711,707,11921
2020-09-03,CCDD CDC Pneumonia CCDD v1,2.429876,298,12264
2020-09-03,CCDD CLI CC with CLI DD and Coronavirus DD v1,2.609263,320,12264
2020-09-03,SUBSYNDROME ShortnessOfBreath,6.082844,746,12264
2020-09-02,CCDD CDC Pneumonia CCDD v1,2.447751,301,12297
2020-09-02,CCDD CLI CC with CLI DD and Coronavirus DD v1,2.789298,343,12297
2020-09-02,SUBSYNDROME ShortnessOfBreath,5.977068,735,12297
2020-09-01,CCDD CDC Pneumonia CCDD v1,2.323266,280,12052
2020-09-01,CCDD CLI CC with CLI DD and Coronavirus DD v1,2.854298,344,12052
2020-09-01,SUBSYNDROME ShortnessOfBreath,5.94922,717,12052
2020-08-31,CCDD CDC Pneumonia CCDD v1,2.391946,316,13211
2020-08-31,CCDD CLI CC with CLI DD and Coronavirus DD v1,2.861252,378,13211
2020-08-31,SUBSYNDROME ShortnessOfBreath,6.517296,861,13211
2020-08-30,CCDD CDC Pneumonia CCDD v1,2.074943,237,11422
2020-08-30,CCDD CLI CC with CLI DD and Coronavirus DD v1,3.099282,354,11422
2020-08-30,SUBSYNDROME ShortnessOfBreath,5.541937,633,11422
2020-08-29,CCDD CDC Pneumonia CCDD v1,2.148674,248,11542
2020-08-29,CCDD CLI CC with CLI DD and Coronavirus DD v1,2.720499,314,11542
2020-08-29,SUBSYNDROME ShortnessOfBreath,5.20707,601,11542
2020-08-28,CCDD CDC Pneumonia CCDD v1,2.390019,295,12343
2020-08-28,CCDD CLI CC with CLI DD and Coronavirus DD v1,2.7627,341,12343
2020-08-28,SUBSYNDROME ShortnessOfBreath,5.889978,727,12343
2020-08-27,CCDD CDC Pneumonia CCDD v1,2.290382,286,12487
2020-08-27,CCDD CLI CC with CLI DD and Coronavirus DD v1,2.987107,373,12487
2020-08-27,SUBSYNDROME ShortnessOfBreath,5.645872,705,12487
2020-08-26,CCDD CDC Pneumonia CCDD v1,2.158273,267,12371
2020-08-26,CCDD CLI CC with CLI DD and Coronavirus DD v1,2.998949,371,12371
2020-08-26,SUBSYNDROME ShortnessOfBreath,6.046399,748,12371
2020-08-25,CCDD CDC Pneumonia CCDD v1,2.290016,292,12751
2020-08-25,CCDD CLI CC with CLI DD and Coronavirus DD v1,3.129166,399,12751
2020-08-25,SUBSYNDROME ShortnessOfBreath,5.662301,722,12751
2020-08-24,CCDD CDC Pneumonia CCDD v1,2.112933,290,13725
2020-08-24,CCDD CLI CC with CLI DD and Coronavirus DD v1,3.322404,456,13725
2020-08-24,SUBSYNDROME ShortnessOfBreath,6.477231,889,13725
2020-08-23,CCDD CDC Pneumonia CCDD v1,2.333391,271,11614
2020-08-23,CCDD CLI CC with CLI DD and Coronavirus DD v1,2.617531,304,11614
2020-08-23,SUBSYNDROME ShortnessOfBreath,4.847598,563,11614
2020-08-22,CCDD CDC Pneumonia CCDD v1,2.078303,241,11596
2020-08-22,CCDD CLI CC with CLI DD and Coronavirus DD v1,2.552604,296,11596
2020-08-22,SUBSYNDROME ShortnessOfBreath,5.294929,614,11596
2020-08-21,CCDD CDC Pneumonia CCDD v1,2.484976,306,12314
2020-08-21,CCDD CLI CC with CLI DD and Coronavirus DD v1,2.874777,354,12314
2020-08-21,SUBSYNDROME ShortnessOfBreath,5.944453,732,12314
2020-08-20,CCDD CDC Pneumonia CCDD v1,2.250544,279,12397
2020-08-20,CCDD CLI CC with CLI DD and Coronavirus DD v1,3.170122,393,12397
2020-08-20,SUBSYNDROME ShortnessOfBreath,6.09825,756,12397
2020-08-19,CCDD CDC Pneumonia CCDD v1,2.010635,242,12036
2020-08-19,CCDD CLI CC with CLI DD and Coronavirus DD v1,2.899634,349,12036
2020-08-19,SUBSYNDROME ShortnessOfBreath,5.724493,689,12036
2020-08-18,CCDD CDC Pneumonia CCDD v1,2.131327,272,12762
2020-08-18,CCDD CLI CC with CLI DD and Coronavirus DD v1,2.726845,348,12762
2020-08-18,SUBSYNDROME ShortnessOfBreath,5.868986,749,12762
2020-08-17,CCDD CDC Pneumonia CCDD v1,2.341307,322,13753
2020-08-17,CCDD CLI CC with CLI DD and Coronavirus DD v1,2.922999,402,13753
2020-08-17,SUBSYNDROME ShortnessOfBreath,6.645823,914,13753
2020-08-16,CCDD CDC Pneumonia CCDD v1,2.088474,237,11348
2020-08-16,CCDD CLI CC with CLI DD and Coronavirus DD v1,3.145929,357,11348
2020-08-16,SUBSYNDROME ShortnessOfBreath,5.578075,633,11348
2020-08-15,CCDD CDC Pneumonia CCDD v1,2.268415,263,11594
2020-08-15,CCDD CLI CC with CLI DD and Coronavirus DD v1,3.13093,363,11594
2020-08-15,SUBSYNDROME ShortnessOfBreath,5.502846,638,11594
2020-08-14,CCDD CDC Pneumonia CCDD v1,2.189957,273,12466
2020-08-14,CCDD CLI CC with CLI DD and Coronavirus DD v1,3.120488,389,12466
2020-08-14,SUBSYNDROME ShortnessOfBreath,5.976255,745,12466
2020-08-13,CCDD CDC Pneumonia CCDD v1,2.116025,267,12618
2020-08-13,CCDD CLI CC with CLI DD and Coronavirus DD v1,2.948169,372,12618
2020-08-13,SUBSYNDROME ShortnessOfBreath,5.848787,738,12618
2020-08-12,CCDD CDC Pneumonia CCDD v1,2.337438,298,12749
2020-08-12,CCDD CLI CC with CLI DD and Coronavirus DD v1,3.027688,386,12749
2020-08-12,SUBSYNDROME ShortnessOfBreath,6.361283,811,12749
2020-08-11,CCDD CDC Pneumonia CCDD v1,2.219791,284,12794
2020-08-11,CCDD CLI CC with CLI DD and Coronavirus DD v1,2.876348,368,12794
2020-08-11,SUBSYNDROME ShortnessOfBreath,6.104424,781,12794
2020-08-10,CCDD CDC Pneumonia CCDD v1,2.390072,312,13054
2020-08-10,CCDD CLI CC with CLI DD and Coronavirus DD v1,2.642868,345,13054
2020-08-10,SUBSYNDROME ShortnessOfBreath,6.197334,809,13054
2020-08-09,CCDD CDC Pneumonia CCDD v1,2.085944,233,11170
2020-08-09,CCDD CLI CC with CLI DD and Coronavirus DD v1,2.802149,313,11170
2020-08-09,SUBSYNDROME ShortnessOfBreath,5.631155,629,11170
2020-08-08,CCDD CDC Pneumonia CCDD v1,2.07502,234,11277
2020-08-08,CCDD CLI CC with CLI DD and Coronavirus DD v1,2.66915,301,11277
2020-08-08,SUBSYNDROME ShortnessOfBreath,5.382637,607,11277
2020-08-07,CCDD CDC Pneumonia CCDD v1,2.232697,270,12093
2020-08-07,CCDD CLI CC with CLI DD and Coronavirus DD v1,3.415199,413,12093
2020-08-07,SUBSYNDROME ShortnessOfBreath,6.342512,767,12093
2020-08-06,CCDD CDC Pneumonia CCDD v1,2.358839,287,12167
2020-08-06,CCDD CLI CC with CLI DD and Coronavirus DD v1,3.386209,412,12167
2020-08-06,SUBSYNDROME ShortnessOfBreath,5.917646,720,12167
2020-08-05,CCDD CDC Pneumonia CCDD v1,2.311658,278,12026
2020-08-05,CCDD CLI CC with CLI DD and Coronavirus DD v1,3.01846,363,12026
2020-08-05,SUBSYNDROME ShortnessOfBreath,6.253118,752,12026
2020-08-04,CCDD CDC Pneumonia CCDD v1,2.358646,287,12168
2020-08-04,CCDD CLI CC with CLI DD and Coronavirus DD v1,3.238001,394,12168
2020-08-04,SUBSYNDROME ShortnessOfBreath,6.122617,745,12168
2020-08-03,CCDD CDC Pneumonia CCDD v1,2.204675,282,12791
2020-08-03,CCDD CLI CC with CLI DD and Coronavirus DD v1,2.759753,353,12791
2020-08-03,SUBSYNDROME ShortnessOfBreath,6.434212,823,12791
2020-08-02,CCDD CDC Pneumonia CCDD v1,2.247706,245,10900
2020-08-02,CCDD CLI CC with CLI DD and Coronavirus DD v1,3.082569,336,10900
2020-08-02,SUBSYNDROME ShortnessOfBreath,6.192661,675,10900
2020-08-01,CCDD CDC Pneumonia CCDD v1,2.290144,257,11222
2020-08-01,CCDD CLI CC with CLI DD and Coronavirus DD v1,3.207984,360,11222
2020-08-01,SUBSYNDROME ShortnessOfBreath,5.560506,624,11222
2020-07-31,CCDD CDC Pneumonia CCDD v1,2.119139,254,11986
2020-07-31,CCDD CLI CC with CLI DD and Coronavirus DD v1,3.095278,371,11986
2020-07-31,SUBSYNDROME ShortnessOfBreath,6.098782,731,11986
2020-07-30,CCDD CDC Pneumonia CCDD v1,2.210544,265,11988
2020-07-30,CCDD CLI CC with CLI DD and Coronavirus DD v1,2.877878,345,11988
2020-07-30,SUBSYNDROME ShortnessOfBreath,6.031031,723,11988
2020-07-29,CCDD CDC Pneumonia CCDD v1,2.341137,287,12259
2020-07-29,CCDD CLI CC with CLI DD and Coronavirus DD v1,2.903989,356,12259
2020-07-29,SUBSYNDROME ShortnessOfBreath,5.962966,731,12259
2020-07-28,CCDD CDC Pneumonia CCDD v1,2.252866,281,12473
2020-07-28,CCDD CLI CC with CLI DD and Coronavirus DD v1,2.854165,356,12473
2020-07-28,SUBSYNDROME ShortnessOfBreath,6.397819,798,12473
2020-07-27,CCDD CDC Pneumonia CCDD v1,2.192411,286,13045
2020-07-27,CCDD CLI CC with CLI DD and Coronavirus DD v1,2.981985,389,13045
2020-07-27,SUBSYNDROME ShortnessOfBreath,6.316596,824,13045
2020-07-26,CCDD CDC Pneumonia CCDD v1,1.912544,213,11137
2020-07-26,CCDD CLI CC with CLI DD and Coronavirus DD v1,2.603933,290,11137
2020-07-26,SUBSYNDROME ShortnessOfBreath,5.450301,607,11137
2020-07-25,CCDD CDC Pneumonia CCDD v1,1.817696,204,11223
2020-07-25,CCDD CLI CC with CLI DD and Coronavirus DD v1,2.423594,272,11223
2020-07-25,SUBSYNDROME ShortnessOfBreath,5.176869,581,11223
2020-07-24,CCDD CDC Pneumonia CCDD v1,2.255323,268,11883
2020-07-24,CCDD CLI CC with CLI DD and Coronavirus DD v1,2.617184,311,11883
2020-07-24,SUBSYNDROME ShortnessOfBreath,6.14323,730,11883
2020-07-23,CCDD CDC Pneumonia CCDD v1,2.06272,246,11926
2020-07-23,CCDD CLI CC with CLI DD and Coronavirus DD v1,2.808989,335,11926
2020-07-23,SUBSYNDROME ShortnessOfBreath,5.861144,699,11926
2020-07-22,CCDD CDC Pneumonia CCDD v1,2.302577,277,12030
2020-07-22,CCDD CLI CC with CLI DD and Coronavirus DD v1,2.793017,336,12030
2020-07-22,SUBSYNDROME ShortnessOfBreath,6.259352,753,12030
2020-07-21,CCDD CDC Pneumonia CCDD v1,2.006689,246,12259
2020-07-21,CCDD CLI CC with CLI DD and Coronavirus DD v1,2.642956,324,12259
2020-07-21,SUBSYNDROME ShortnessOfBreath,6.338201,777,12259
2020-07-20,CCDD CDC Pneumonia CCDD v1,2.213342,288,13012
2020-07-20,CCDD CLI CC with CLI DD and Coronavirus DD v1,2.628343,342,13012
2020-07-20,SUBSYNDROME ShortnessOfBreath,6.025208,784,13012
2020-07-19,CCDD CDC Pneumonia CCDD v1,2.171113,236,10870
2020-07-19,CCDD CLI CC with CLI DD and Coronavirus DD v1,2.787489,303,10870
2020-07-19,SUBSYNDROME ShortnessOfBreath,5.924563,644,10870
2020-07-18,CCDD CDC Pneumonia CCDD v1,1.828631,210,11484
2020-07-18,CCDD CLI CC with CLI DD and Coronavirus DD v1,2.18565,251,11484
2020-07-18,SUBSYNDROME ShortnessOfBreath,5.242076,602,11484
2020-07-17,CCDD CDC Pneumonia CCDD v1,2.169952,262,12074
2020-07-17,CCDD CLI CC with CLI DD and Coronavirus DD v1,2.608912,315,12074
2020-07-17,SUBSYNDROME ShortnessOfBreath,6.211695,750,12074
2020-07-16,CCDD CDC Pneumonia CCDD v1,1.961279,233,11880
2020-07-16,CCDD CLI CC with CLI DD and Coronavirus DD v1,2.718855,323,11880
2020-07-16,SUBSYNDROME ShortnessOfBreath,6.026936,716,11880
2020-07-15,CCDD CDC Pneumonia CCDD v1,2.124101,254,11958
2020-07-15,CCDD CLI CC with CLI DD and Coronavirus DD v1,2.776384,332,11958
2020-07-15,SUBSYNDROME ShortnessOfBreath,6.631544,793,11958
2020-07-14,CCDD CDC Pneumonia CCDD v1,2.245911,276,12289
2020-07-14,CCDD CLI CC with CLI DD and Coronavirus DD v1,2.424933,298,12289
2020-07-14,SUBSYNDROME ShortnessOfBreath,6.306453,775,12289
2020-07-13,CCDD CDC Pneumonia CCDD v1,1.75584,233,13270
2020-07-13,CCDD CLI CC with CLI DD and Coronavirus DD v1,2.313489,307,13270
2020-07-13,SUBSYNDROME ShortnessOfBreath,6.088922,808,13270
2020-07-12,CCDD CDC Pneumonia CCDD v1,2.217295,250,11275
2020-07-12,CCDD CLI CC with CLI DD and Coronavirus DD v1,2.385809,269,11275
2020-07-12,SUBSYNDROME ShortnessOfBreath,5.117517,577,11275
2020-07-11,CCDD CDC Pneumonia CCDD v1,2.242071,246,10972
2020-07-11,CCDD CLI CC with CLI DD and Coronavirus DD v1,2.232957,245,10972
2020-07-11,SUBSYNDROME ShortnessOfBreath,5.650747,620,10972
2020-07-10,CCDD CDC Pneumonia CCDD v1,2.081753,247,11865
2020-07-10,CCDD CLI CC with CLI DD and Coronavirus DD v1,2.267172,269,11865
2020-07-10,SUBSYNDROME ShortnessOfBreath,5.680573,674,11865
2020-07-09,CCDD CDC Pneumonia CCDD v1,2.014846,247,12259
2020-07-09,CCDD CLI CC with CLI DD and Coronavirus DD v1,2.528754,310,12259
2020-07-09,SUBSYNDROME ShortnessOfBreath,6.46056,792,12259
2020-07-08,CCDD CDC Pneumonia CCDD v1,2.346615,288,12273
2020-07-08,CCDD CLI CC with CLI DD and Coronavirus DD v1,2.371058,291,12273
2020-07-08,SUBSYNDROME ShortnessOfBreath,5.996904,736,12273
2020-07-07,CCDD CDC Pneumonia CCDD v1,2.288661,284,12409
2020-07-07,CCDD CLI CC with CLI DD and Coronavirus DD v1,2.248368,279,12409
2020-07-07,SUBSYNDROME ShortnessOfBreath,6.382464,792,12409
2020-07-06,CCDD CDC Pneumonia CCDD v1,2.054591,277,13482
2020-07-06,CCDD CLI CC with CLI DD and Coronavirus DD v1,2.373535,320,13482
2020-07-06,SUBSYNDROME ShortnessOfBreath,6.23053,840,13482
2020-07-05,CCDD CDC Pneumonia CCDD v1,1.919353,228,11879
2020-07-05,CCDD CLI CC with CLI DD and Coronavirus DD v1,2.096136,249,11879
2020-07-05,SUBSYNDROME ShortnessOfBreath,5.008839,595,11879
2020-07-04,CCDD CDC Pneumonia CCDD v1,2.022537,210,10383
2020-07-04,CCDD CLI CC with CLI DD and Coronavirus DD v1,1.96475,204,10383
2020-07-04,SUBSYNDROME ShortnessOfBreath,5.268227,547,10383
2020-07-03,CCDD CDC Pneumonia CCDD v1,2.027266,229,11296
2020-07-03,CCDD CLI CC with CLI DD and Coronavirus DD v1,2.168909,245,11296
2020-07-03,SUBSYNDROME ShortnessOfBreath,4.984065,563,11296
2020-07-02,CCDD CDC Pneumonia CCDD v1,1.98871,229,11515
2020-07-02,CCDD CLI CC with CLI DD and Coronavirus DD v1,1.971342,227,11515
2020-07-02,SUBSYNDROME ShortnessOfBreath,5.557968,640,11515
2020-07-01,CCDD CDC Pneumonia CCDD v1,2.02161,232,11476
2020-07-01,CCDD CLI CC with CLI DD and Coronavirus DD v1,2.039038,234,11476
2020-07-01,SUBSYNDROME ShortnessOfBreath,6.021262,691,11476
2020-06-30,CCDD CDC Pneumonia CCDD v1,2.094837,239,11409
2020-06-30,CCDD CLI CC with CLI DD and Coronavirus DD v1,2.384083,272,11409
2020-06-30,SUBSYNDROME ShortnessOfBreath,6.345867,724,11409
2020-06-29,CCDD CDC Pneumonia CCDD v1,1.843503,229,12422
2020-06-29,CCDD CLI CC with CLI DD and Coronavirus DD v1,2.189664,272,12422
2020-06-29,SUBSYNDROME ShortnessOfBreath,6.633392,824,12422
2020-06-28,CCDD CDC Pneumonia CCDD v1,1.768119,192,10859
2020-06-28,CCDD CLI CC with CLI DD and Coronavirus DD v1,1.989133,216,10859
2020-06-28,SUBSYNDROME ShortnessOfBreath,4.935998,536,10859
2020-06-27,CCDD CDC Pneumonia CCDD v1,1.840548,199,10812
2020-06-27,CCDD CLI CC with CLI DD and Coronavirus DD v1,2.099519,227,10812
2020-06-27,SUBSYNDROME ShortnessOfBreath,5.281169,571,10812
2020-06-26,CCDD CDC Pneumonia CCDD v1,1.754229,196,11173
2020-06-26,CCDD CLI CC with CLI DD and Coronavirus DD v1,1.888481,211,11173
2020-06-26,SUBSYNDROME ShortnessOfBreath,5.862347,655,11173
2020-06-25,CCDD CDC Pneumonia CCDD v1,1.863843,213,11428
2020-06-25,CCDD CLI CC with CLI DD and Coronavirus DD v1,2.546377,291,11428
2020-06-25,SUBSYNDROME ShortnessOfBreath,6.230312,712,11428
2020-06-24,CCDD CDC Pneumonia CCDD v1,1.761962,204,11578
2020-06-24,CCDD CLI CC with CLI DD and Coronavirus DD v1,2.0038,232,11578
2020-06-24,SUBSYNDROME ShortnessOfBreath,6.33961,734,11578
2020-06-23,CCDD CDC Pneumonia CCDD v1,1.984641,230,11589
2020-06-23,CCDD CLI CC with CLI DD and Coronavirus DD v1,1.906981,221,11589
2020-06-23,SUBSYNDROME ShortnessOfBreath,6.066097,703,11589
2020-06-22,CCDD CDC Pneumonia CCDD v1,1.933174,243,12570
2020-06-22,CCDD CLI CC with CLI DD and Coronavirus DD v1,1.972951,248,12570
2020-06-22,SUBSYNDROME ShortnessOfBreath,6.18934,778,12570
2020-06-21,CCDD CDC Pneumonia CCDD v1,1.903837,196,10295
2020-06-21,CCDD CLI CC with CLI DD and Coronavirus DD v1,1.690141,174,10295
2020-06-21,SUBSYNDROME ShortnessOfBreath,5.488101,565,10295
2020-06-20,CCDD CDC Pneumonia CCDD v1,1.694598,181,10681
2020-06-20,CCDD CLI CC with CLI DD and Coronavirus DD v1,1.938021,207,10681
2020-06-20,SUBSYNDROME ShortnessOfBreath,5.589364,597,10681
2020-06-19,CCDD CDC Pneumonia CCDD v1,1.871251,209,11169
2020-06-19,CCDD CLI CC with CLI DD and Coronavirus DD v1,2.130898,238,11169
2020-06-19,SUBSYNDROME ShortnessOfBreath,5.613752,627,11169
2020-06-18,CCDD CDC Pneumonia CCDD v1,2.235483,251,11228
2020-06-18,CCDD CLI CC with CLI DD and Coronavirus DD v1,1.790167,201,11228
2020-06-18,SUBSYNDROME ShortnessOfBreath,5.655504,635,11228
2020-06-17,CCDD CDC Pneumonia CCDD v1,2.056781,234,11377
2020-06-17,CCDD CLI CC with CLI DD and Coronavirus DD v1,2.34684,267,11377
2020-06-17,SUBSYNDROME ShortnessOfBreath,6.27582,714,11377
2020-06-16,CCDD CDC Pneumonia CCDD v1,2.269491,255,11236
2020-06-16,CCDD CLI CC with CLI DD and Coronavirus DD v1,2.046992,230,11236
2020-06-16,SUBSYNDROME ShortnessOfBreath,6.087576,684,11236
2020-06-15,CCDD CDC Pneumonia CCDD v1,1.928632,227,11770
2020-06-15,CCDD CLI CC with CLI DD and Coronavirus DD v1,2.02209,238,11770
2020-06-15,SUBSYNDROME ShortnessOfBreath,6.074766,715,11770
2020-06-14,CCDD CDC Pneumonia CCDD v1,1.816575,185,10184
2020-06-14,CCDD CLI CC with CLI DD and Coronavirus DD v1,2.052239,209,10184
2020-06-14,SUBSYNDROME ShortnessOfBreath,5.322074,542,10184
2020-06-13,CCDD CDC Pneumonia CCDD v1,1.772779,186,10492
2020-06-13,CCDD CLI CC with CLI DD and Coronavirus DD v1,1.629813,171,10492
2020-06-13,SUBSYNDROME ShortnessOfBreath,5.25162,551,10492
2020-06-12,CCDD CDC Pneumonia CCDD v1,1.925522,212,11010
2020-06-12,CCDD CLI CC with CLI DD and Coronavirus DD v1,2.443233,269,11010
2020-06-12,SUBSYNDROME ShortnessOfBreath,6.085377,670,11010
2020-06-11,CCDD CDC Pneumonia CCDD v1,1.948587,213,10931
2020-06-11,CCDD CLI CC with CLI DD and Coronavirus DD v1,2.406001,263,10931
2020-06-11,SUBSYNDROME ShortnessOfBreath,6.11106,668,10931
2020-06-10,CCDD CDC Pneumonia CCDD v1,2.405281,266,11059
2020-06-10,CCDD CLI CC with CLI DD and Coronavirus DD v1,2.432408,269,11059
2020-06-10,SUBSYNDROME ShortnessOfBreath,6.465322,715,11059
2020-06-09,CCDD CDC Pneumonia CCDD v1,2.429398,277,11402
2020-06-09,CCDD CLI CC with CLI DD and Coronavirus DD v1,2.438169,278,11402
2020-06-09,SUBSYNDROME ShortnessOfBreath,6.884757,785,11402
2020-06-08,CCDD CDC Pneumonia CCDD v1,2.187474,263,12023
2020-06-08,CCDD CLI CC with CLI DD and Coronavirus DD v1,2.628296,316,12023
2020-06-08,SUBSYNDROME ShortnessOfBreath,6.487565,780,12023
2020-06-07,CCDD CDC Pneumonia CCDD v1,2.210416,233,10541
2020-06-07,CCDD CLI CC with CLI DD and Coronavirus DD v1,2.855517,301,10541
2020-06-07,SUBSYNDROME ShortnessOfBreath,5.843848,616,10541
2020-06-06,CCDD CDC Pneumonia CCDD v1,2.128064,224,10526
2020-06-06,CCDD CLI CC with CLI DD and Coronavirus DD v1,2.793084,294,10526
2020-06-06,SUBSYNDROME ShortnessOfBreath,6.146684,647,10526
2020-06-05,CCDD CDC Pneumonia CCDD v1,2.55195,280,10972
2020-06-05,CCDD CLI CC with CLI DD and Coronavirus DD v1,2.998542,329,10972
2020-06-05,SUBSYNDROME ShortnessOfBreath,6.580386,722,10972
2020-06-04,CCDD CDC Pneumonia CCDD v1,2.5480680000000002,273,10714
2020-06-04,CCDD CLI CC with CLI DD and Coronavirus DD v1,2.697405,289,10714
2020-06-04,SUBSYNDROME ShortnessOfBreath,6.897517,739,10714
2020-06-03,CCDD CDC Pneumonia CCDD v1,2.702213,298,11028
2020-06-03,CCDD CLI CC with CLI DD and Coronavirus DD v1,3.518317,388,11028
2020-06-03,SUBSYNDROME ShortnessOfBreath,7.063838,779,11028
2020-06-02,CCDD CDC Pneumonia CCDD v1,2.870421,315,10974
2020-06-02,CCDD CLI CC with CLI DD and Coronavirus DD v1,3.717879,408,10974
2020-06-02,SUBSYNDROME ShortnessOfBreath,6.934573,761,10974
2020-06-01,CCDD CDC Pneumonia CCDD v1,2.884274,325,11268
2020-06-01,CCDD CLI CC with CLI DD and Coronavirus DD v1,3.86049,435,11268
2020-06-01,SUBSYNDROME ShortnessOfBreath,7.188498,810,11268
2020-05-31,CCDD CDC Pneumonia CCDD v1,2.515662,257,10216
2020-05-31,CCDD CLI CC with CLI DD and Coronavirus DD v1,3.367267,344,10216
2020-05-31,SUBSYNDROME ShortnessOfBreath,5.295615,541,10216
2020-05-30,CCDD CDC Pneumonia CCDD v1,2.279912,238,10439
2020-05-30,CCDD CLI CC with CLI DD and Coronavirus DD v1,3.448606,360,10439
2020-05-30,SUBSYNDROME ShortnessOfBreath,5.891369,615,10439
2020-05-29,CCDD CDC Pneumonia CCDD v1,3.00207,319,10626
2020-05-29,CCDD CLI CC with CLI DD and Coronavirus DD v1,4.187841,445,10626
2020-05-29,SUBSYNDROME ShortnessOfBreath,7.406362,787,10626
2020-05-28,CCDD CDC Pneumonia CCDD v1,2.731369,291,10654
2020-05-28,CCDD CLI CC with CLI DD and Coronavirus DD v1,4.064201,433,10654
2020-05-28,SUBSYNDROME ShortnessOfBreath,7.546461,804,10654
2020-05-27,CCDD CDC Pneumonia CCDD v1,3.449871,373,10812
2020-05-27,CCDD CLI CC with CLI DD and Coronavirus DD v1,4.532001,490,10812
2020-05-27,SUBSYNDROME ShortnessOfBreath,7.658158,828,10812
2020-05-26,CCDD CDC Pneumonia CCDD v1,3.06948,368,11989
2020-05-26,CCDD CLI CC with CLI DD and Coronavirus DD v1,4.979565,597,11989
2020-05-26,SUBSYNDROME ShortnessOfBreath,7.84052,940,11989
2020-05-25,CCDD CDC Pneumonia CCDD v1,3.642258,382,10488
2020-05-25,CCDD CLI CC with CLI DD and Coronavirus DD v1,4.958047,520,10488
2020-05-25,SUBSYNDROME ShortnessOfBreath,7.29405,765,10488
2020-05-24,CCDD CDC Pneumonia CCDD v1,3.579328,356,9946
2020-05-24,CCDD CLI CC with CLI DD and Coronavirus DD v1,5.499698,547,9946
2020-05-24,SUBSYNDROME ShortnessOfBreath,7.621154,758,9946
2020-05-23,CCDD CDC Pneumonia CCDD v1,3.298594,326,9883
2020-05-23,CCDD CLI CC with CLI DD and Coronavirus DD v1,5.190732,513,9883
2020-05-23,SUBSYNDROME ShortnessOfBreath,7.416776,733,9883
2020-05-22,CCDD CDC Pneumonia CCDD v1,3.927203,410,10440
2020-05-22,CCDD CLI CC with CLI DD and Coronavirus DD v1,5.431034,567,10440
2020-05-22,SUBSYNDROME ShortnessOfBreath,7.82567,817,10440
2020-05-21,CCDD CDC Pneumonia CCDD v1,3.735229,373,9986
2020-05-21,CCDD CLI CC with CLI DD and Coronavirus DD v1,6.368916,636,9986
2020-05-21,SUBSYNDROME ShortnessOfBreath,9.282996,927,9986
2020-05-20,CCDD CDC Pneumonia CCDD v1,4.109187,420,10221
2020-05-20,CCDD CLI CC with CLI DD and Coronavirus DD v1,6.232267,637,10221
2020-05-20,SUBSYNDROME ShortnessOfBreath,8.599941,879,10221
2020-05-19,CCDD CDC Pneumonia CCDD v1,3.769861,382,10133
2020-05-19,CCDD CLI CC with CLI DD and Coronavirus DD v1,6.355472,644,10133
2020-05-19,SUBSYNDROME ShortnessOfBreath,8.802921,892,10133
2020-05-18,CCDD CDC Pneumonia CCDD v1,4.041249,435,10764
2020-05-18,CCDD CLI CC with CLI DD and Coronavirus DD v1,6.633222,714,10764
2020-05-18,SUBSYNDROME ShortnessOfBreath,9.708287,1045,10764
2020-05-17,CCDD CDC Pneumonia CCDD v1,4.139335,366,8842
2020-05-17,CCDD CLI CC with CLI DD and Coronavirus DD v1,6.435196,569,8842
2020-05-17,SUBSYNDROME ShortnessOfBreath,8.357838,739,8842
2020-05-16,CCDD CDC Pneumonia CCDD v1,3.650559,346,9478
2020-05-16,CCDD CLI CC with CLI DD and Coronavirus DD v1,6.267145,594,9478
2020-05-16,SUBSYNDROME ShortnessOfBreath,7.617641,722,9478
2020-05-15,CCDD CDC Pneumonia CCDD v1,4.243797,431,10156
2020-05-15,CCDD CLI CC with CLI DD and Coronavirus DD v1,7.345412,746,10156
2020-05-15,SUBSYNDROME ShortnessOfBreath,9.029145,917,10156
2020-05-14,CCDD CDC Pneumonia CCDD v1,4.344685,421,9690
2020-05-14,CCDD CLI CC with CLI DD and Coronavirus DD v1,8.121775,787,9690
2020-05-14,SUBSYNDROME ShortnessOfBreath,9.576883,928,9690
2020-05-13,CCDD CDC Pneumonia CCDD v1,4.481034,430,9596
2020-05-13,CCDD CLI CC with CLI DD and Coronavirus DD v1,6.554815,629,9596
2020-05-13,SUBSYNDROME ShortnessOfBreath,9.128804,876,9596
2020-05-12,CCDD CDC Pneumonia CCDD v1,4.344715,425,9782
2020-05-12,CCDD CLI CC with CLI DD and Coronavirus DD v1,7.616029,745,9782
2020-05-12,SUBSYNDROME ShortnessOfBreath,9.231241,903,9782
2020-05-11,CCDD CDC Pneumonia CCDD v1,4.361922,444,10179
2020-05-11,CCDD CLI CC with CLI DD and Coronavirus DD v1,7.476176,761,10179
2020-05-11,SUBSYNDROME ShortnessOfBreath,9.480303,965,10179
2020-05-10,CCDD CDC Pneumonia CCDD v1,4.106405,318,7744
2020-05-10,CCDD CLI CC with CLI DD and Coronavirus DD v1,7.01188,543,7744
2020-05-10,SUBSYNDROME ShortnessOfBreath,8.522727,660,7744
2020-05-09,CCDD CDC Pneumonia CCDD v1,4.375143,383,8754
2020-05-09,CCDD CLI CC with CLI DD and Coronavirus DD v1,7.253827,635,8754
2020-05-09,SUBSYNDROME ShortnessOfBreath,8.179118,716,8754
2020-05-08,CCDD CDC Pneumonia CCDD v1,4.291892,397,9250
2020-05-08,CCDD CLI CC with CLI DD and Coronavirus DD v1,7.459459,690,9250
2020-05-08,SUBSYNDROME ShortnessOfBreath,8.864865,820,9250
2020-05-07,CCDD CDC Pneumonia CCDD v1,5.014687,478,9532
2020-05-07,CCDD CLI CC with CLI DD and Coronavirus DD v1,8.403273,801,9532
2020-05-07,SUBSYNDROME ShortnessOfBreath,10.386068,990,9532
2020-05-06,CCDD CDC Pneumonia CCDD v1,5.051677,479,9482
2020-05-06,CCDD CLI CC with CLI DD and Coronavirus DD v1,8.563594,812,9482
2020-05-06,SUBSYNDROME ShortnessOfBreath,9.892428,938,9482
2020-05-05,CCDD CDC Pneumonia CCDD v1,5.28962,505,9547
2020-05-05,CCDD CLI CC with CLI DD and Coronavirus DD v1,8.861422,846,9547
2020-05-05,SUBSYNDROME ShortnessOfBreath,10.128836,967,9547
2020-05-04,CCDD CDC Pneumonia CCDD v1,5.268924,529,10040
2020-05-04,CCDD CLI CC with CLI DD and Coronavirus DD v1,8.804781,884,10040
2020-05-04,SUBSYNDROME ShortnessOfBreath,10.727092,1077,10040
2020-05-03,CCDD CDC Pneumonia CCDD v1,5.03702,449,8914
2020-05-03,CCDD CLI CC with CLI DD and Coronavirus DD v1,8.02109,715,8914
2020-05-03,SUBSYNDROME ShortnessOfBreath,8.447386,753,8914
2020-05-02,CCDD CDC Pneumonia CCDD v1,4.853142,461,9499
2020-05-02,CCDD CLI CC with CLI DD and Coronavirus DD v1,8.737762,830,9499
2020-05-02,SUBSYNDROME ShortnessOfBreath,9.64312,916,9499
2020-05-01,CCDD CDC Pneumonia CCDD v1,4.940445,477,9655
2020-05-01,CCDD CLI CC with CLI DD and Coronavirus DD v1,8.814086,851,9655
2020-05-01,SUBSYNDROME ShortnessOfBreath,10.212325,986,9655
2020-04-30,CCDD CDC Pneumonia CCDD v1,5.175072,470,9082
2020-04-30,CCDD CLI CC with CLI DD and Coronavirus DD v1,8.995816,817,9082
2020-04-30,SUBSYNDROME ShortnessOfBreath,10.735521,975,9082
2020-04-29,CCDD CDC Pneumonia CCDD v1,5.395602,476,8822
2020-04-29,CCDD CLI CC with CLI DD and Coronavirus DD v1,9.294944,820,8822
2020-04-29,SUBSYNDROME ShortnessOfBreath,10.893221,961,8822
2020-04-28,CCDD CDC Pneumonia CCDD v1,5.323153,495,9299
2020-04-28,CCDD CLI CC with CLI DD and Coronavirus DD v1,9.108506,847,9299
2020-04-28,SUBSYNDROME ShortnessOfBreath,10.226906,951,9299
2020-04-27,CCDD CDC Pneumonia CCDD v1,5.573331,540,9689
2020-04-27,CCDD CLI CC with CLI DD and Coronavirus DD v1,9.567551,927,9689
2020-04-27,SUBSYNDROME ShortnessOfBreath,11.03313,1069,9689
2020-04-26,CCDD CDC Pneumonia CCDD v1,4.865772,406,8344
2020-04-26,CCDD CLI CC with CLI DD and Coronavirus DD v1,8.64094,721,8344
2020-04-26,SUBSYNDROME ShortnessOfBreath,9.276127,774,8344
2020-04-25,CCDD CDC Pneumonia CCDD v1,5.473916,447,8166
2020-04-25,CCDD CLI CC with CLI DD and Coronavirus DD v1,8.449669,690,8166
2020-04-25,SUBSYNDROME ShortnessOfBreath,9.735489,795,8166
2020-04-24,CCDD CDC Pneumonia CCDD v1,4.9859,442,8865
2020-04-24,CCDD CLI CC with CLI DD and Coronavirus DD v1,9.069374,804,8865
2020-04-24,SUBSYNDROME ShortnessOfBreath,10.693739,948,8865
2020-04-23,CCDD CDC Pneumonia CCDD v1,5.435023,491,9034
2020-04-23,CCDD CLI CC with CLI DD and Coronavirus DD v1,9.25393,836,9034
2020-04-23,SUBSYNDROME ShortnessOfBreath,11.401373,1030,9034
2020-04-22,CCDD CDC Pneumonia CCDD v1,5.390742,467,8663
2020-04-22,CCDD CLI CC with CLI DD and Coronavirus DD v1,8.680596,752,8663
2020-04-22,SUBSYNDROME ShortnessOfBreath,11.000808,953,8663
2020-04-21,CCDD CDC Pneumonia CCDD v1,5.470314,492,8994
2020-04-21,CCDD CLI CC with CLI DD and Coronavirus DD v1,9.306204,837,8994
2020-04-21,SUBSYNDROME ShortnessOfBreath,10.84056,975,8994
2020-04-20,CCDD CDC Pneumonia CCDD v1,5.800636,547,9430
2020-04-20,CCDD CLI CC with CLI DD and Coronavirus DD v1,9.968187,940,9430
2020-04-20,SUBSYNDROME ShortnessOfBreath,11.16649,1053,9430
2020-04-19,CCDD CDC Pneumonia CCDD v1,5.208597,412,7910
2020-04-19,CCDD CLI CC with CLI DD and Coronavirus DD v1,8.369153,662,7910
2020-04-19,SUBSYNDROME ShortnessOfBreath,9.696587,767,7910
2020-04-18,CCDD CDC Pneumonia CCDD v1,4.950252,403,8141
2020-04-18,CCDD CLI CC with CLI DD and Coronavirus DD v1,8.647586,704,8141
2020-04-18,SUBSYNDROME ShortnessOfBreath,10.146174,826,8141
2020-04-17,CCDD CDC Pneumonia CCDD v1,5.625759,463,8230
2020-04-17,CCDD CLI CC with CLI DD and Coronavirus DD v1,8.955043,737,8230
2020-04-17,SUBSYNDROME ShortnessOfBreath,10.838396,892,8230
2020-04-16,CCDD CDC Pneumonia CCDD v1,5.940594,480,8080
2020-04-16,CCDD CLI CC with CLI DD and Coronavirus DD v1,9.529703,770,8080
2020-04-16,SUBSYNDROME ShortnessOfBreath,11.113861,898,8080
2020-04-15,CCDD CDC Pneumonia CCDD v1,5.939498,483,8132
2020-04-15,CCDD CLI CC with CLI DD and Coronavirus DD v1,9.444171,768,8132
2020-04-15,SUBSYNDROME ShortnessOfBreath,11.448598,931,8132
2020-04-14,CCDD CDC Pneumonia CCDD v1,5.200917,431,8287
2020-04-14,CCDD CLI CC with CLI DD and Coronavirus DD v1,8.640039,716,8287
2020-04-14,SUBSYNDROME ShortnessOfBreath,10.66731,884,8287
2020-04-13,CCDD CDC Pneumonia CCDD v1,5.957541,536,8997
2020-04-13,CCDD CLI CC with CLI DD and Coronavirus DD v1,9.136379,822,8997
2020-04-13,SUBSYNDROME ShortnessOfBreath,12.348561,1111,8997
2020-04-12,CCDD CDC Pneumonia CCDD v1,5.500876,408,7417
2020-04-12,CCDD CLI CC with CLI DD and Coronavirus DD v1,9.410813,698,7417
2020-04-12,SUBSYNDROME ShortnessOfBreath,11.514089,854,7417
2020-04-11,CCDD CDC Pneumonia CCDD v1,5.734859,446,7777
2020-04-11,CCDD CLI CC with CLI DD and Coronavirus DD v1,8.885174,691,7777
2020-04-11,SUBSYNDROME ShortnessOfBreath,11.572586,900,7777
2020-04-10,CCDD CDC Pneumonia CCDD v1,5.83561,470,8054
2020-04-10,CCDD CLI CC with CLI DD and Coronavirus DD v1,8.728582,703,8054
2020-04-10,SUBSYNDROME ShortnessOfBreath,11.845046,954,8054
2020-04-09,CCDD CDC Pneumonia CCDD v1,5.77408,458,7932
2020-04-09,CCDD CLI CC with CLI DD and Coronavirus DD v1,8.761977,695,7932
2020-04-09,SUBSYNDROME ShortnessOfBreath,11.875946,942,7932
2020-04-08,CCDD CDC Pneumonia CCDD v1,6.200281,530,8548
2020-04-08,CCDD CLI CC with CLI DD and Coronavirus DD v1,8.645297,739,8548
2020-04-08,SUBSYNDROME ShortnessOfBreath,12.774918,1092,8548
2020-04-07,CCDD CDC Pneumonia CCDD v1,6.438521,587,9117
2020-04-07,CCDD CLI CC with CLI DD and Coronavirus DD v1,9.202589,839,9117
2020-04-07,SUBSYNDROME ShortnessOfBreath,12.580893,1147,9117
2020-04-06,CCDD CDC Pneumonia CCDD v1,6.902484,642,9301
2020-04-06,CCDD CLI CC with CLI DD and Coronavirus DD v1,10.009676,931,9301
2020-04-06,SUBSYNDROME ShortnessOfBreath,13.794216,1283,9301
2020-04-05,CCDD CDC Pneumonia CCDD v1,5.957777,460,7721
2020-04-05,CCDD CLI CC with CLI DD and Coronavirus DD v1,7.848724,606,7721
2020-04-05,SUBSYNDROME ShortnessOfBreath,11.410439,881,7721
2020-04-04,CCDD CDC Pneumonia CCDD v1,6.036682,497,8233
2020-04-04,CCDD CLI CC with CLI DD and Coronavirus DD v1,8.684562,715,8233
2020-04-04,SUBSYNDROME ShortnessOfBreath,11.478197,945,8233
2020-04-03,CCDD CDC Pneumonia CCDD v1,6.319204,565,8941
2020-04-03,CCDD CLI CC with CLI DD and Coronavirus DD v1,9.215971,824,8941
2020-04-03,SUBSYNDROME ShortnessOfBreath,12.59367,1126,8941
2020-04-02,CCDD CDC Pneumonia CCDD v1,6.102046,531,8702
2020-04-02,CCDD CLI CC with CLI DD and Coronavirus DD v1,9.032406,786,8702
2020-04-02,SUBSYNDROME ShortnessOfBreath,12.158125,1058,8702
2020-04-01,CCDD CDC Pneumonia CCDD v1,6.617565,593,8961
2020-04-01,CCDD CLI CC with CLI DD and Coronavirus DD v1,9.519027,853,8961
2020-04-01,SUBSYNDROME ShortnessOfBreath,12.721794,1140,8961
2020-03-31,CCDD CDC Pneumonia CCDD v1,6.104966,563,9222
2020-03-31,CCDD CLI CC with CLI DD and Coronavirus DD v1,9.065279,836,9222
2020-03-31,SUBSYNDROME ShortnessOfBreath,12.676209,1169,9222
2020-03-30,CCDD CDC Pneumonia CCDD v1,6.289497,627,9969
2020-03-30,CCDD CLI CC with CLI DD and Coronavirus DD v1,9.098204,907,9969
2020-03-30,SUBSYNDROME ShortnessOfBreath,12.589026,1255,9969
2020-03-29,CCDD CDC Pneumonia CCDD v1,6.224017,524,8419
2020-03-29,CCDD CLI CC with CLI DD and Coronavirus DD v1,8.611474,725,8419
2020-03-29,SUBSYNDROME ShortnessOfBreath,11.996674,1010,8419
2020-03-28,CCDD CDC Pneumonia CCDD v1,5.364831,486,9059
2020-03-28,CCDD CLI CC with CLI DD and Coronavirus DD v1,8.047246,729,9059
2020-03-28,SUBSYNDROME ShortnessOfBreath,12.208853,1106,9059
2020-03-27,CCDD CDC Pneumonia CCDD v1,6.015584,579,9625
2020-03-27,CCDD CLI CC with CLI DD and Coronavirus DD v1,8.353247,804,9625
2020-03-27,SUBSYNDROME ShortnessOfBreath,11.823377,1138,9625
2020-03-26,CCDD CDC Pneumonia CCDD v1,5.509893,543,9855
2020-03-26,CCDD CLI CC with CLI DD and Coronavirus DD v1,8.371385,825,9855
2020-03-26,SUBSYNDROME ShortnessOfBreath,11.709792,1154,9855
2020-03-25,CCDD CDC Pneumonia CCDD v1,5.242439,546,10415
2020-03-25,CCDD CLI CC with CLI DD and Coronavirus DD v1,7.796447,812,10415
2020-03-25,SUBSYNDROME ShortnessOfBreath,12.011522,1251,10415
2020-03-24,CCDD CDC Pneumonia CCDD v1,5.149261,533,10351
2020-03-24,CCDD CLI CC with CLI DD and Coronavirus DD v1,8.047532,833,10351
2020-03-24,SUBSYNDROME ShortnessOfBreath,11.293595,1169,10351
2020-03-23,CCDD CDC Pneumonia CCDD v1,5.077054,537,10577
2020-03-23,CCDD CLI CC with CLI DD and Coronavirus DD v1,7.081403,749,10577
2020-03-23,SUBSYNDROME ShortnessOfBreath,11.392644,1205,10577
2020-03-22,CCDD CDC Pneumonia CCDD v1,4.468586,399,8929
2020-03-22,CCDD CLI CC with CLI DD and Coronavirus DD v1,6.798074,607,8929
2020-03-22,SUBSYNDROME ShortnessOfBreath,10.180311,909,8929
2020-03-21,CCDD CDC Pneumonia CCDD v1,3.56722,333,9335
2020-03-21,CCDD CLI CC with CLI DD and Coronavirus DD v1,6.191751,578,9335
2020-03-21,SUBSYNDROME ShortnessOfBreath,9.70541,906,9335
2020-03-20,CCDD CDC Pneumonia CCDD v1,3.915828,428,10930
2020-03-20,CCDD CLI CC with CLI DD and Coronavirus DD v1,6.541629,715,10930
2020-03-20,SUBSYNDROME ShortnessOfBreath,10.5215,1150,10930
2020-03-19,CCDD CDC Pneumonia CCDD v1,3.844182,450,11706
2020-03-19,CCDD CLI CC with CLI DD and Coronavirus DD v1,7.02204,822,11706
2020-03-19,SUBSYNDROME ShortnessOfBreath,10.020502,1173,11706
2020-03-18,CCDD CDC Pneumonia CCDD v1,3.511733,437,12444
2020-03-18,CCDD CLI CC with CLI DD and Coronavirus DD v1,6.878817,856,12444
2020-03-18,SUBSYNDROME ShortnessOfBreath,9.643202,1200,12444
2020-03-17,CCDD CDC Pneumonia CCDD v1,3.298746,426,12914
2020-03-17,CCDD CLI CC with CLI DD and Coronavirus DD v1,5.885086,760,12914
2020-03-17,SUBSYNDROME ShortnessOfBreath,8.301069,1072,12914
2020-03-16,CCDD CDC Pneumonia CCDD v1,3.667237,514,14016
2020-03-16,CCDD CLI CC with CLI DD and Coronavirus DD v1,6.078767,852,14016
2020-03-16,SUBSYNDROME ShortnessOfBreath,8.369007,1173,14016
2020-03-15,CCDD CDC Pneumonia CCDD v1,3.146494,398,12649
2020-03-15,CCDD CLI CC with CLI DD and Coronavirus DD v1,4.806704,608,12649
2020-03-15,SUBSYNDROME ShortnessOfBreath,6.814768,862,12649
2020-03-14,CCDD CDC Pneumonia CCDD v1,2.890751,376,13007
2020-03-14,CCDD CLI CC with CLI DD and Coronavirus DD v1,4.128546,537,13007
2020-03-14,SUBSYNDROME ShortnessOfBreath,6.596448,858,13007
2020-03-13,CCDD CDC Pneumonia CCDD v1,3.030303,454,14982
2020-03-13,CCDD CLI CC with CLI DD and Coronavirus DD v1,4.278467,641,14982
2020-03-13,SUBSYNDROME ShortnessOfBreath,7.088506,1062,14982
2020-03-12,CCDD CDC Pneumonia CCDD v1,2.94154,476,16182
2020-03-12,CCDD CLI CC with CLI DD and Coronavirus DD v1,3.714003,601,16182
2020-03-12,SUBSYNDROME ShortnessOfBreath,6.896552,1116,16182
2020-03-11,CCDD CDC Pneumonia CCDD v1,2.987921,470,15730
2020-03-11,CCDD CLI CC with CLI DD and Coronavirus DD v1,3.032422,477,15730
2020-03-11,SUBSYNDROME ShortnessOfBreath,6.598856,1038,15730
2020-03-10,CCDD CDC Pneumonia CCDD v1,2.847315,447,15699
2020-03-10,CCDD CLI CC with CLI DD and Coronavirus DD v1,2.579782,405,15699
2020-03-10,SUBSYNDROME ShortnessOfBreath,5.930314,931,15699
2020-03-09,CCDD CDC Pneumonia CCDD v1,2.983558,499,16725
2020-03-09,CCDD CLI CC with CLI DD and Coronavirus DD v1,2.541106,425,16725
2020-03-09,SUBSYNDROME ShortnessOfBreath,6.457399,1080,16725
2020-03-08,CCDD CDC Pneumonia CCDD v1,3.113619,436,14003
2020-03-08,CCDD CLI CC with CLI DD and Coronavirus DD v1,2.5280300000000002,354,14003
2020-03-08,SUBSYNDROME ShortnessOfBreath,5.670214,794,14003
2020-03-07,CCDD CDC Pneumonia CCDD v1,2.546665,352,13822
2020-03-07,CCDD CLI CC with CLI DD and Coronavirus DD v1,2.344089,324,13822
2020-03-07,SUBSYNDROME ShortnessOfBreath,5.252496,726,13822
2020-03-06,CCDD CDC Pneumonia CCDD v1,2.922473,432,14782
2020-03-06,CCDD CLI CC with CLI DD and Coronavirus DD v1,1.96861,291,14782
2020-03-06,SUBSYNDROME ShortnessOfBreath,5.919361,875,14782
2020-03-05,CCDD CDC Pneumonia CCDD v1,2.846929,438,15385
2020-03-05,CCDD CLI CC with CLI DD and Coronavirus DD v1,2.287943,352,15385
2020-03-05,SUBSYNDROME ShortnessOfBreath,6.38284,982,15385
2020-03-04,CCDD CDC Pneumonia CCDD v1,2.69676,417,15463
2020-03-04,CCDD CLI CC with CLI DD and Coronavirus DD v1,2.237599,346,15463
2020-03-04,SUBSYNDROME ShortnessOfBreath,6.260105,968,15463
2020-03-03,CCDD CDC Pneumonia CCDD v1,2.736193,435,15898
2020-03-03,CCDD CLI CC with CLI DD and Coronavirus DD v1,2.239275,356,15898
2020-03-03,SUBSYNDROME ShortnessOfBreath,6.239779,992,15898
2020-03-02,CCDD CDC Pneumonia CCDD v1,3.147685,529,16806
2020-03-02,CCDD CLI CC with CLI DD and Coronavirus DD v1,2.445555,411,16806
2020-03-02,SUBSYNDROME ShortnessOfBreath,6.860645,1153,16806
2020-03-01,CCDD CDC Pneumonia CCDD v1,2.951223,432,14638
2020-03-01,CCDD CLI CC with CLI DD and Coronavirus DD v1,2.445689,358,14638
2020-03-01,SUBSYNDROME ShortnessOfBreath,5.383249,788,14638
2020-02-29,CCDD CDC Pneumonia CCDD v1,2.750091,378,13745
2020-02-29,CCDD CLI CC with CLI DD and Coronavirus DD v1,2.160786,297,13745
2020-02-29,SUBSYNDROME ShortnessOfBreath,6.154965,846,13745
2020-02-28,CCDD CDC Pneumonia CCDD v1,2.733626,399,14596
2020-02-28,CCDD CLI CC with CLI DD and Coronavirus DD v1,1.918334,280,14596
2020-02-28,SUBSYNDROME ShortnessOfBreath,5.22746,763,14596
2020-02-27,CCDD CDC Pneumonia CCDD v1,2.862169,423,14779
2020-02-27,CCDD CLI CC with CLI DD and Coronavirus DD v1,2.246431,332,14779
2020-02-27,SUBSYNDROME ShortnessOfBreath,6.306245,932,14779
2020-02-26,CCDD CDC Pneumonia CCDD v1,2.723178,399,14652
2020-02-26,CCDD CLI CC with CLI DD and Coronavirus DD v1,2.081627,305,14652
2020-02-26,SUBSYNDROME ShortnessOfBreath,5.821731,853,14652
2020-02-25,CCDD CDC Pneumonia CCDD v1,2.79348,425,15214
2020-02-25,CCDD CLI CC with CLI DD and Coronavirus DD v1,2.201919,335,15214
2020-02-25,SUBSYNDROME ShortnessOfBreath,5.744709,874,15214
2020-02-24,CCDD CDC Pneumonia CCDD v1,2.91738,494,16933
2020-02-24,CCDD CLI CC with CLI DD and Coronavirus DD v1,2.185082,370,16933
2020-02-24,SUBSYNDROME ShortnessOfBreath,6.401701,1084,16933
2020-02-23,CCDD CDC Pneumonia CCDD v1,2.728569,402,14733
2020-02-23,CCDD CLI CC with CLI DD and Coronavirus DD v1,2.395982,353,14733
2020-02-23,SUBSYNDROME ShortnessOfBreath,5.674337,836,14733
2020-02-22,CCDD CDC Pneumonia CCDD v1,2.557453,355,13881
2020-02-22,CCDD CLI CC with CLI DD and Coronavirus DD v1,2.226064,309,13881
2020-02-22,SUBSYNDROME ShortnessOfBreath,4.898783,680,13881
2020-02-21,CCDD CDC Pneumonia CCDD v1,2.438356,356,14600
2020-02-21,CCDD CLI CC with CLI DD and Coronavirus DD v1,1.863014,272,14600
2020-02-21,SUBSYNDROME ShortnessOfBreath,5.178082,756,14600
2020-02-20,CCDD CDC Pneumonia CCDD v1,2.559305,383,14965
2020-02-20,CCDD CLI CC with CLI DD and Coronavirus DD v1,2.185099,327,14965
2020-02-20,SUBSYNDROME ShortnessOfBreath,5.452723,816,14965
2020-02-19,CCDD CDC Pneumonia CCDD v1,2.571662,410,15943
2020-02-19,CCDD CLI CC with CLI DD and Coronavirus DD v1,2.2455,358,15943
2020-02-19,SUBSYNDROME ShortnessOfBreath,5.594932,892,15943
2020-02-18,CCDD CDC Pneumonia CCDD v1,2.825746,468,16562
2020-02-18,CCDD CLI CC with CLI DD and Coronavirus DD v1,2.288371,379,16562
2020-02-18,SUBSYNDROME ShortnessOfBreath,5.760174,954,16562
2020-02-17,CCDD CDC Pneumonia CCDD v1,2.751367,463,16828
2020-02-17,CCDD CLI CC with CLI DD and Coronavirus DD v1,2.412646,406,16828
2020-02-17,SUBSYNDROME ShortnessOfBreath,6.465415,1088,16828
2020-02-16,CCDD CDC Pneumonia CCDD v1,2.803426,419,14946
2020-02-16,CCDD CLI CC with CLI DD and Coronavirus DD v1,2.455506,367,14946
2020-02-16,SUBSYNDROME ShortnessOfBreath,5.446273,814,14946
2020-02-15,CCDD CDC Pneumonia CCDD v1,2.653075,380,14323
2020-02-15,CCDD CLI CC with CLI DD and Coronavirus DD v1,2.39475,343,14323
2020-02-15,SUBSYNDROME ShortnessOfBreath,5.424841,777,14323
2020-02-14,CCDD CDC Pneumonia CCDD v1,2.867143,385,13428
2020-02-14,CCDD CLI CC with CLI DD and Coronavirus DD v1,1.779863,239,13428
2020-02-14,SUBSYNDROME ShortnessOfBreath,5.451296,732,13428
2020-02-13,CCDD CDC Pneumonia CCDD v1,2.86094,409,14296
2020-02-13,CCDD CLI CC with CLI DD and Coronavirus DD v1,2.266368,324,14296
2020-02-13,SUBSYNDROME ShortnessOfBreath,5.533016,791,14296
2020-02-12,CCDD CDC Pneumonia CCDD v1,2.751343,425,15447
2020-02-12,CCDD CLI CC with CLI DD and Coronavirus DD v1,2.725448,421,15447
2020-02-12,SUBSYNDROME ShortnessOfBreath,5.968797,922,15447
2020-02-11,CCDD CDC Pneumonia CCDD v1,2.550344,423,16586
2020-02-11,CCDD CLI CC with CLI DD and Coronavirus DD v1,2.695044,447,16586
2020-02-11,SUBSYNDROME ShortnessOfBreath,5.685518,943,16586
2020-02-10,CCDD CDC Pneumonia CCDD v1,2.958546,521,17610
2020-02-10,CCDD CLI CC with CLI DD and Coronavirus DD v1,2.788189,491,17610
2020-02-10,SUBSYNDROME ShortnessOfBreath,6.274844,1105,17610
2020-02-09,CCDD CDC Pneumonia CCDD v1,2.690736,395,14680
2020-02-09,CCDD CLI CC with CLI DD and Coronavirus DD v1,2.881471,423,14680
2020-02-09,SUBSYNDROME ShortnessOfBreath,5.476839,804,14680
2020-02-08,CCDD CDC Pneumonia CCDD v1,2.619144,388,14814
2020-02-08,CCDD CLI CC with CLI DD and Coronavirus DD v1,2.875658,426,14814
2020-02-08,SUBSYNDROME ShortnessOfBreath,5.420548,803,14814
2020-02-07,CCDD CDC Pneumonia CCDD v1,2.993635,475,15867
2020-02-07,CCDD CLI CC with CLI DD and Coronavirus DD v1,2.539863,403,15867
2020-02-07,SUBSYNDROME ShortnessOfBreath,6.119619,971,15867
2020-02-06,CCDD CDC Pneumonia CCDD v1,2.919802,454,15549
2020-02-06,CCDD CLI CC with CLI DD and Coronavirus DD v1,2.302399,358,15549
2020-02-06,SUBSYNDROME ShortnessOfBreath,5.839604,908,15549
2020-02-05,CCDD CDC Pneumonia CCDD v1,2.541991,395,15539
2020-02-05,CCDD CLI CC with CLI DD and Coronavirus DD v1,2.818714,438,15539
2020-02-05,SUBSYNDROME ShortnessOfBreath,5.637428,876,15539
2020-02-04,CCDD CDC Pneumonia CCDD v1,2.677575,432,16134
2020-02-04,CCDD CLI CC with CLI DD and Coronavirus DD v1,2.578406,416,16134
2020-02-04,SUBSYNDROME ShortnessOfBreath,6.154704,993,16134
2020-02-03,CCDD CDC Pneumonia CCDD v1,3.213296,580,18050
2020-02-03,CCDD CLI CC with CLI DD and Coronavirus DD v1,2.65928,480,18050
2020-02-03,SUBSYNDROME ShortnessOfBreath,6.448753,1164,18050
2020-02-02,CCDD CDC Pneumonia CCDD v1,2.655702,394,14836
2020-02-02,CCDD CLI CC with CLI DD and Coronavirus DD v1,3.093826,459,14836
2020-02-02,SUBSYNDROME ShortnessOfBreath,5.351847,794,14836
2020-02-01,CCDD CDC Pneumonia CCDD v1,2.785235,415,14900
2020-02-01,CCDD CLI CC with CLI DD and Coronavirus DD v1,2.959732,441,14900
2020-02-01,SUBSYNDROME ShortnessOfBreath,5.268456,785,14900
2020-01-31,CCDD CDC Pneumonia CCDD v1,2.671086,411,15387
2020-01-31,CCDD CLI CC with CLI DD and Coronavirus DD v1,2.528108,389,15387
2020-01-31,SUBSYNDROME ShortnessOfBreath,5.446156,838,15387
2020-01-30,CCDD CDC Pneumonia CCDD v1,2.613053,412,15767
2020-01-30,CCDD CLI CC with CLI DD and Coronavirus DD v1,2.790639,440,15767
2020-01-30,SUBSYNDROME ShortnessOfBreath,5.143654,811,15767
2020-01-29,CCDD CDC Pneumonia CCDD v1,2.692899,438,16265
2020-01-29,CCDD CLI CC with CLI DD and Coronavirus DD v1,2.852751,464,16265
2020-01-29,SUBSYNDROME ShortnessOfBreath,5.607132,912,16265
2020-01-28,CCDD CDC Pneumonia CCDD v1,2.613053,438,16762
2020-01-28,CCDD CLI CC with CLI DD and Coronavirus DD v1,2.815893,472,16762
2020-01-28,SUBSYNDROME ShortnessOfBreath,5.196277,871,16762
2020-01-27,CCDD CDC Pneumonia CCDD v1,2.823911,505,17883
2020-01-27,CCDD CLI CC with CLI DD and Coronavirus DD v1,2.935749,525,17883
2020-01-27,SUBSYNDROME ShortnessOfBreath,5.933009,1061,17883
2020-01-26,CCDD CDC Pneumonia CCDD v1,2.576687,399,15485
2020-01-26,CCDD CLI CC with CLI DD and Coronavirus DD v1,3.164353,490,15485
2020-01-26,SUBSYNDROME ShortnessOfBreath,5.198579,805,15485
2020-01-25,CCDD CDC Pneumonia CCDD v1,2.694778,386,14324
2020-01-25,CCDD CLI CC with CLI DD and Coronavirus DD v1,2.638928,378,14324
2020-01-25,SUBSYNDROME ShortnessOfBreath,5.417481,776,14324
2020-01-24,CCDD CDC Pneumonia CCDD v1,2.789256,432,15488
2020-01-24,CCDD CLI CC with CLI DD and Coronavirus DD v1,2.537448,393,15488
2020-01-24,SUBSYNDROME ShortnessOfBreath,5.920713,917,15488
2020-01-23,CCDD CDC Pneumonia CCDD v1,2.732205,418,15299
2020-01-23,CCDD CLI CC with CLI DD and Coronavirus DD v1,2.16354,331,15299
2020-01-23,SUBSYNDROME ShortnessOfBreath,5.405582,827,15299
2020-01-22,CCDD CDC Pneumonia CCDD v1,2.621439,415,15831
2020-01-22,CCDD CLI CC with CLI DD and Coronavirus DD v1,2.425621,384,15831
2020-01-22,SUBSYNDROME ShortnessOfBreath,5.565031,881,15831
2020-01-21,CCDD CDC Pneumonia CCDD v1,2.560639,417,16285
2020-01-21,CCDD CLI CC with CLI DD and Coronavirus DD v1,2.443967,398,16285
2020-01-21,SUBSYNDROME ShortnessOfBreath,5.416027,882,16285
2020-01-20,CCDD CDC Pneumonia CCDD v1,2.936205,469,15973
2020-01-20,CCDD CLI CC with CLI DD and Coronavirus DD v1,2.43536,389,15973
2020-01-20,SUBSYNDROME ShortnessOfBreath,5.9851,956,15973
2020-01-19,CCDD CDC Pneumonia CCDD v1,2.753255,368,13366
2020-01-19,CCDD CLI CC with CLI DD and Coronavirus DD v1,2.341763,313,13366
2020-01-19,SUBSYNDROME ShortnessOfBreath,5.588807,747,13366
2020-01-18,CCDD CDC Pneumonia CCDD v1,2.789379,374,13408
2020-01-18,CCDD CLI CC with CLI DD and Coronavirus DD v1,2.043556,274,13408
2020-01-18,SUBSYNDROME ShortnessOfBreath,5.302804,711,13408
2020-01-17,CCDD CDC Pneumonia CCDD v1,2.761563,369,13362
2020-01-17,CCDD CLI CC with CLI DD and Coronavirus DD v1,2.02814,271,13362
2020-01-17,SUBSYNDROME ShortnessOfBreath,4.946864,661,13362
2020-01-16,CCDD CDC Pneumonia CCDD v1,2.976788,445,14949
2020-01-16,CCDD CLI CC with CLI DD and Coronavirus DD v1,2.174058,325,14949
2020-01-16,SUBSYNDROME ShortnessOfBreath,5.485317,820,14949
2020-01-15,CCDD CDC Pneumonia CCDD v1,2.838095,447,15750
2020-01-15,CCDD CLI CC with CLI DD and Coronavirus DD v1,2.495238,393,15750
2020-01-15,SUBSYNDROME ShortnessOfBreath,5.726984,902,15750
2020-01-14,CCDD CDC Pneumonia CCDD v1,3.039799,485,15955
2020-01-14,CCDD CLI CC with CLI DD and Coronavirus DD v1,2.030711,324,15955
2020-01-14,SUBSYNDROME ShortnessOfBreath,6.405516,1022,15955
2020-01-13,CCDD CDC Pneumonia CCDD v1,3.108466,517,16632
2020-01-13,CCDD CLI CC with CLI DD and Coronavirus DD v1,2.441077,406,16632
2020-01-13,SUBSYNDROME ShortnessOfBreath,6.114719,1017,16632
2020-01-12,CCDD CDC Pneumonia CCDD v1,2.826249,379,13410
2020-01-12,CCDD CLI CC with CLI DD and Coronavirus DD v1,2.214765,297,13410
2020-01-12,SUBSYNDROME ShortnessOfBreath,5.480984,735,13410
2020-01-11,CCDD CDC Pneumonia CCDD v1,2.721193,354,13009
2020-01-11,CCDD CLI CC with CLI DD and Coronavirus DD v1,1.93712,252,13009
2020-01-11,SUBSYNDROME ShortnessOfBreath,5.096472,663,13009
2020-01-10,CCDD CDC Pneumonia CCDD v1,2.926797,443,15136
2020-01-10,CCDD CLI CC with CLI DD and Coronavirus DD v1,2.127378,322,15136
2020-01-10,SUBSYNDROME ShortnessOfBreath,5.82056,881,15136
2020-01-09,CCDD CDC Pneumonia CCDD v1,2.960169,463,15641
2020-01-09,CCDD CLI CC with CLI DD and Coronavirus DD v1,2.192954,343,15641
2020-01-09,SUBSYNDROME ShortnessOfBreath,5.843616,914,15641
2020-01-08,CCDD CDC Pneumonia CCDD v1,2.833138,435,15354
2020-01-08,CCDD CLI CC with CLI DD and Coronavirus DD v1,2.214407,340,15354
2020-01-08,SUBSYNDROME ShortnessOfBreath,5.705354,876,15354
2020-01-07,CCDD CDC Pneumonia CCDD v1,3.373388,539,15978
2020-01-07,CCDD CLI CC with CLI DD and Coronavirus DD v1,2.372012,379,15978
2020-01-07,SUBSYNDROME ShortnessOfBreath,6.358743,1016,15978
2020-01-06,CCDD CDC Pneumonia CCDD v1,3.255401,550,16895
2020-01-06,CCDD CLI CC with CLI DD and Coronavirus DD v1,2.343889,396,16895
2020-01-06,SUBSYNDROME ShortnessOfBreath,6.587748,1113,16895
2020-01-05,CCDD CDC Pneumonia CCDD v1,3.20458,487,15197
2020-01-05,CCDD CLI CC with CLI DD and Coronavirus DD v1,2.987432,454,15197
2020-01-05,SUBSYNDROME ShortnessOfBreath,5.744555,873,15197
2020-01-04,CCDD CDC Pneumonia CCDD v1,3.161146,481,15216
2020-01-04,CCDD CLI CC with CLI DD and Coronavirus DD v1,2.78654,424,15216
2020-01-04,SUBSYNDROME ShortnessOfBreath,6.000263,913,15216
2020-01-03,CCDD CDC Pneumonia CCDD v1,3.693979,619,16757
2020-01-03,CCDD CLI CC with CLI DD and Coronavirus DD v1,2.398997,402,16757
2020-01-03,SUBSYNDROME ShortnessOfBreath,6.098944,1022,16757
2020-01-02,CCDD CDC Pneumonia CCDD v1,3.914349,691,17653
2020-01-02,CCDD CLI CC with CLI DD and Coronavirus DD v1,2.798391,494,17653
2020-01-02,SUBSYNDROME ShortnessOfBreath,6.72407,1187,17653
2020-01-01,CCDD CDC Pneumonia CCDD v1,3.27476,533,16276
2020-01-01,CCDD CLI CC with CLI DD and Coronavirus DD v1,3.164168,515,16276
2020-01-01,SUBSYNDROME ShortnessOfBreath,5.55419,904,16276
